,City,Country,Date,Latitude,Longitude,Max Temp,Cloudiness,Humidity,Wind Speed
0,Atuona,PF,1569413196,-9.8,-139.03,79.35,16,78,22.37
1,Castro,CL,1569413196,-42.48,-73.76,48.2,90,100,6.93
2,Jamestown,AU,1569413197,-33.21,138.6,49.47,82,81,3.15
3,New Norfolk,AU,1569413198,-42.78,147.06,51.8,40,62,11.41
4,Vaini,IN,1569413198,15.34,74.49,82.4,40,74,9.17
5,Ponta do Sol,BR,1569413198,-20.63,-46.0,68.74,71,60,4.79
6,Swan River,CA,1569412934,52.11,-101.27,37.05,66,81,11.32
7,Qaanaaq,GL,1569413199,77.48,-69.36,19.95,100,81,8.23
8,Sao Joao da Barra,BR,1569413199,-21.64,-41.05,68.0,90,77,1.14
9,Albany,US,1569413129,42.65,-73.75,54.0,90,100,3.85
10,Sitka,US,1569413200,37.17,-99.65,64.0,0,87,11.99
11,Baran,IN,1569413201,25.1,76.52,80.25,96,86,8.23
12,Gao,ML,1569413201,16.28,-0.04,102.94,0,14,6.82
13,Los Llanos de Aridane,ES,1569413202,28.66,-17.92,77.0,20,65,16.11
14,Necochea,AR,1569413202,-38.55,-58.74,55.99,0,80,5.01
15,Cape Town,ZA,1569413110,-33.93,18.42,84.0,0,28,9.17
16,Homer,US,1569413203,59.64,-151.54,50.0,1,75,13.87
17,Georgetown,GY,1569413204,6.8,-58.16,82.4,75,83,4.7
18,Khatanga,RU,1569413204,71.98,102.47,37.24,100,92,14.92
19,Busselton,AU,1569413204,-33.64,115.35,57.99,100,51,8.93
20,Santa Fe,AR,1569413205,-31.62,-60.7,66.0,0,54,2.1
21,Kibala,TD,1569413205,9.11,18.35,82.4,40,69,6.93
22,Rikitea,PF,1569413206,-23.12,-134.97,70.9,3,71,9.17
23,Klyuchi,RU,1569413207,52.25,79.17,51.82,57,32,5.97
24,Melfi,IT,1569413208,41.0,15.66,78.8,20,50,4.7
25,Narsaq,GL,1569413208,60.91,-46.05,37.4,20,74,2.24
26,Jalu,LY,1569413208,29.03,21.55,99.34,0,15,17.34
27,Ambon,FR,1569413209,47.55,-2.56,62.01,90,93,9.17
28,Kavieng,PG,1569413210,-2.57,150.8,83.5,56,76,9.62
29,Cabedelo,BR,1569413210,-6.97,-34.84,80.6,40,69,14.99
30,Yellowknife,CA,1569413210,62.45,-114.38,37.4,75,93,9.17
31,Hilo,US,1569413211,19.71,-155.08,73.4,1,69,6.93
32,Nizhniy Baskunchak,RU,1569413211,48.22,46.83,57.22,0,28,7.25
33,Kapaa,US,1569413042,22.08,-159.32,78.8,90,88,3.36
34,Ribeira Grande,PT,1569413212,38.52,-28.7,73.4,40,78,9.17
35,Cockburn Town,TC,1569413212,21.46,-71.14,82.05,85,72,0.92
36,Saint-Augustin,CA,1569413213,45.63,-73.98,55.0,90,87,3.36
37,Shaunavon,CA,1569413213,49.65,-108.41,46.42,34,67,10.8
38,Bambous Virieux,MU,1569413214,-20.34,57.76,80.6,40,65,12.75
39,Bonavista,CA,1569413214,48.65,-53.11,46.0,100,85,8.01
40,Sumbe,AO,1569413214,-11.2,13.84,74.32,82,84,7.85
41,Butaritari,KI,1569413215,3.07,172.79,83.32,94,75,15.5
42,Mataura,NZ,1569413216,-46.19,168.86,41.0,92,73,21.99
43,Ostrovnoy,RU,1569413216,68.05,39.51,37.6,100,92,19.24
44,Payo,ID,1569413216,-3.75,103.64,73.6,72,75,3.4
45,Ushuaia,AR,1569413129,-54.81,-68.31,42.8,40,81,5.82
46,Porto Novo,BR,1569413217,-23.68,-45.44,62.6,75,82,5.82
47,Veraval,FR,1569413217,49.65,0.71,64.0,90,82,12.75
48,Pocao de Pedras,BR,1569413218,-4.67,-44.85,82.42,87,72,3.15
49,Bluff,AU,1569413219,-23.58,149.07,64.95,0,69,9.62
50,Bredasdorp,ZA,1569413219,-34.53,20.04,69.8,0,40,17.22
51,Tura,RU,1569413220,64.27,100.22,34.72,98,93,4.72
52,Saldanha,PT,1569413220,41.42,-6.55,67.47,11,45,8.12
53,Chapais,CA,1569413220,49.78,-74.86,46.4,90,93,9.17
54,Hobart,AU,1569413204,-42.88,147.33,51.8,40,62,11.41
55,Young,UY,1569413261,-32.7,-57.63,66.99,0,48,1.99
56,Qianguo,CN,1569413262,45.12,124.86,64.05,19,67,6.67
57,Saint George,GR,1569413262,39.45,22.34,78.8,20,47,6.93
58,Arraial do Cabo,BR,1569413263,-22.97,-42.02,69.8,75,88,9.17
59,Bathsheba,BB,1569413263,13.22,-59.52,84.2,40,74,10.29
60,Kang,BW,1569413264,-23.67,22.79,81.87,0,26,19.19
61,Kununurra,AU,1569413265,-15.77,128.74,75.2,0,38,5.48
62,Yichun,CN,1569413266,27.8,114.38,72.34,100,43,3.0
63,Barrow,AR,1569413266,-38.31,-60.23,61.35,20,51,4.0
64,Amurzet,CN,1569413266,47.69,131.09,42.27,2,67,4.43
65,Luganville,VU,1569413267,-15.51,167.18,68.55,100,90,3.38
66,Upata,VE,1569413268,8.02,-62.41,80.01,6,79,6.31
67,Saskylakh,RU,1569413268,71.97,114.09,35.25,62,87,10.09
68,Goderich,CA,1569413268,43.74,-81.71,64.0,51,89,23.29
69,Tuktoyaktuk,CA,1569413269,69.44,-133.03,39.22,74,82,7.99
70,Locri,IT,1569413269,38.24,16.26,82.0,75,65,9.17
71,Pangody,RU,1569413270,65.85,74.49,35.07,96,95,20.65
72,Westport,US,1569413270,41.14,-73.36,62.01,1,76,4.7
73,Massena,US,1569413271,44.93,-74.89,50.0,20,100,4.52
74,Hobyo,SO,1569413271,5.35,48.53,87.27,48,49,28.01
75,Curup,ID,1569413271,-3.47,102.53,68.55,80,95,2.59
76,Namibe,AO,1569413271,-15.19,12.15,70.35,3,88,14.23
77,Marsa Matruh,EG,1569413272,31.35,27.25,87.8,0,40,13.87
78,Flinders,AU,1569413272,-34.58,150.85,61.0,75,71,5.82
79,Mahebourg,MU,1569413273,-20.41,57.7,80.6,40,65,12.75
80,Pangkalanbuun,ID,1569413273,-2.68,111.62,81.34,37,63,5.08
81,Faya,SA,1569413273,18.39,42.45,84.2,40,12,13.87
82,Golden,US,1569413130,39.76,-105.22,57.2,1,35,10.29
83,Verkhnetulomskiy,RU,1569413274,68.61,31.8,37.4,75,86,6.71
84,Saint-Joseph,FR,1569413275,43.56,6.97,84.2,0,37,11.41
85,Punta Arenas,CL,1569413275,-53.16,-70.91,46.0,40,81,17.22
86,Kisangani,CD,1569413276,0.52,25.21,77.0,75,83,4.7
87,Grindavik,IS,1569413276,63.84,-22.43,57.2,90,93,16.11
88,Ust-Nera,RU,1569413277,64.57,143.24,21.75,10,67,5.32
89,Charters Towers,AU,1569413277,-20.07,146.27,63.7,0,87,8.72
90,Calamar,CO,1569413277,1.96,-72.65,70.35,73,90,3.56
91,Thompson,CA,1569413278,55.74,-97.86,44.6,90,70,13.87
92,Okakarara,NA,1569413278,-20.59,17.46,86.55,0,5,13.38
93,Sulangan,PH,1569413279,11.14,123.72,83.32,63,75,5.3
94,Nanortalik,GL,1569413279,60.14,-45.24,44.44,1,71,2.86
95,Gorshechnoye,RU,1569413280,51.52,38.03,51.27,0,38,4.0
96,Dezful,IR,1569413280,32.38,48.4,108.52,0,4,11.39
97,Doka,SD,1569413281,13.52,35.76,90.52,9,52,0.96
98,Chauk,MM,1569413281,20.89,94.82,74.67,100,85,7.78
99,Faanui,PF,1569413281,-16.48,-151.75,78.45,49,78,18.01
100,Zvishavane,ZW,1569413282,-20.32,30.05,54.87,100,74,16.53
101,Kavaratti,IN,1569413128,10.57,72.64,81.87,100,73,9.51
102,Vardo,US,1569413283,39.62,-77.74,57.99,1,87,1.99
103,Parry Sound,CA,1569413283,45.34,-80.04,57.0,64,93,19.95
104,Geraldton,CA,1569413224,49.72,-86.95,55.4,90,93,10.29
105,Upernavik,GL,1569413284,72.79,-56.15,35.44,94,80,3.76
106,Naron,ES,1569413285,43.52,-8.15,70.0,75,64,10.29
107,Canakkale,TR,1569413285,40.15,26.41,77.0,20,57,13.87
108,Palanga,RO,1569413285,44.45,25.08,73.99,81,51,7.74
109,Luanda,AO,1569413327,-8.83,13.24,80.6,75,74,6.93
110,Hermanus,ZA,1569413327,-34.42,19.24,84.0,0,32,3.0
111,Sale,AU,1569413327,-38.11,147.06,48.99,63,88,2.44
112,Myitkyina,MM,1569413328,25.38,97.4,66.4,96,97,1.39
113,Taksimo,RU,1569413328,56.36,114.84,39.4,7,85,0.63
114,Port Alfred,ZA,1569413329,-33.59,26.89,66.0,0,64,8.99
115,Dikson,RU,1569413329,73.51,80.55,36.52,50,85,9.64
116,Kjopsvik,NO,1569413330,68.1,16.37,53.01,75,81,6.93
117,Isangel,VU,1569413330,-19.55,169.27,72.7,62,74,16.6
118,Rovaniemi,FI,1569413190,66.5,25.72,41.0,75,80,12.75
119,Weihai,CN,1569413331,37.5,122.11,62.01,100,48,5.28
120,Igrim,RU,1569413331,63.19,64.42,38.67,100,74,11.52
121,Killybegs,IE,1569413331,54.63,-8.45,60.8,90,93,4.7
122,Cap Malheureux,MU,1569413332,-19.98,57.61,80.6,40,65,12.75
123,Newport,US,1569413332,41.49,-71.31,60.01,1,82,4.7
124,Salalah,OM,1569413333,17.01,54.1,86.0,75,66,11.41
125,Taoudenni,ML,1569413333,22.68,-3.98,107.07,0,7,2.04
126,Aykhal,RU,1569413333,65.95,111.51,41.0,90,65,4.47
127,Point Fortin,TT,1569413334,10.16,-61.68,86.0,75,88,4.7
128,Togur,RU,1569413334,58.36,82.83,41.92,42,74,8.48
129,Assare,BR,1569413335,-6.87,-39.88,84.4,33,37,7.52
130,Te Anau,NZ,1569413335,-45.41,167.72,32.92,32,75,9.1
131,Maceio,BR,1569413336,-9.67,-35.74,77.0,40,83,3.36
132,Petropavlovsk-Kamchatskiy,RU,1569413336,53.05,158.65,41.0,75,93,4.47
133,Loa Janan,ID,1569413336,-0.58,117.09,76.65,2,89,2.44
134,Storforshei,NO,1569413336,66.4,14.52,50.0,0,53,3.36
135,Cruzeiro do Sul,BR,1569413337,-7.63,-72.67,70.17,100,90,2.24
136,Waingapu,ID,1569413337,-9.65,120.26,74.14,91,77,8.9
137,Putina,PE,1569413338,-14.91,-69.87,33.8,40,86,2.24
138,Belaya Kholunitsa,RU,1569413338,58.84,50.85,40.3,100,72,9.22
139,Lebu,ET,1569413338,8.96,38.73,66.04,33,75,6.11
140,Conde,BR,1569413121,-11.81,-37.61,75.04,95,82,3.71
141,Zapolyarnyy,RU,1569413339,69.43,30.82,39.2,75,86,25.28
142,Kruisfontein,ZA,1569413339,-34.0,24.73,73.42,0,22,16.71
143,Longyearbyen,NO,1569413339,78.22,15.63,39.2,75,86,3.36
144,Tasiilaq,GL,1569413340,65.61,-37.64,41.0,75,93,4.7
145,Bilma,NE,1569413340,18.69,12.92,99.7,0,10,6.64
146,Camargo,MX,1569413340,27.69,-105.17,67.3,89,78,4.21
147,Norman Wells,CA,1569413341,65.28,-126.83,30.2,5,86,8.05
148,Port Elizabeth,US,1569413341,39.31,-74.98,63.0,1,93,1.74
149,Marrakesh,MA,1569413341,31.63,-7.99,89.6,20,29,5.82
150,Yulara,AU,1569413342,-25.24,130.99,66.2,48,42,3.36
151,Oktyabrskiy,RU,1569413342,55.61,37.97,46.4,0,49,6.71
152,Phibun Mangsahan,TH,1569413343,15.24,105.23,87.8,0,66,9.17
153,Koumac,NC,1569413343,-20.56,164.28,71.07,41,75,13.35
154,Provideniya,RU,1569413344,64.42,-173.23,28.6,0,85,3.94
155,Diamantino,BR,1569413344,-14.4,-56.44,86.37,59,52,3.67
156,Port Hedland,AU,1569413345,-20.31,118.58,71.6,93,68,8.05
157,Barra do Garcas,BR,1569413345,-15.89,-52.26,80.6,0,61,5.86
158,Chokurdakh,RU,1569413345,70.62,147.9,25.35,0,85,6.71
159,Komsomolskiy,RU,1569413351,67.55,63.78,34.17,100,92,7.63
160,Havre-Saint-Pierre,CA,1569413338,50.23,-63.6,44.6,90,87,14.99
161,Nevel,RU,1569413352,56.02,29.92,49.47,99,53,4.85
162,Zaria,NG,1569413352,11.11,7.72,89.07,97,47,3.91
163,Santa Marta,CO,1569413352,11.24,-74.21,78.8,75,74,2.24
164,Waipawa,NZ,1569413392,-39.94,176.59,44.01,34,79,11.99
165,Clyde River,CA,1569413392,70.47,-68.59,28.4,90,92,3.36
166,Avarua,CK,1569413096,-21.21,-159.78,71.6,91,88,6.93
167,Bubaque,GW,1569413393,11.28,-15.83,81.87,93,77,7.25
168,Katsuura,JP,1569413394,33.93,134.5,75.2,20,57,11.41
169,Tateyama,JP,1569413394,36.66,137.31,66.2,0,82,6.93
170,Julio de Castilhos,BR,1569413394,-29.23,-53.68,53.6,0,100,2.24
171,Hualmay,PE,1569413395,-11.1,-77.61,60.64,100,94,10.56
172,Iqaluit,CA,1569413395,63.75,-68.52,37.4,75,72,5.82
173,Harper,US,1569413395,30.3,-99.24,75.2,90,88,13.11
174,Carnarvon,ZA,1569413396,-30.97,22.13,75.75,0,3,22.12
175,La Libertad,PE,1569413396,-16.38,-71.56,51.8,0,34,3.36
176,Camacha,PT,1569413397,33.08,-16.33,75.2,40,73,17.22
177,Alzamay,RU,1569413397,55.55,98.67,53.44,99,72,2.35
178,Cabinda,AO,1569413397,-5.56,12.19,76.3,90,86,11.32
179,Nikolskoye,RU,1569413398,59.7,30.79,46.0,90,81,6.71
180,Eyrarbakki,IS,1569413398,63.86,-21.15,57.2,75,67,13.87
181,Saint-Philippe,CA,1569413398,45.36,-73.48,55.0,90,87,3.36
182,Bridgetown,AU,1569413399,-33.96,116.14,55.99,83,66,1.01
183,Nishihara,JP,1569413399,35.74,139.53,81.0,75,64,5.82
184,Cherbourg,AU,1569413400,-26.29,151.95,62.6,40,77,4.7
185,Sangueya,GN,1569413400,10.7,-14.37,82.6,97,80,6.71
186,Beringovskiy,RU,1569413400,63.05,179.32,28.24,0,84,1.5
187,Bunia,CD,1569413401,1.56,30.25,86.2,46,45,1.77
188,Tuy Hoa,VN,1569413211,13.08,109.3,73.95,54,92,2.68
189,Aginskoye,RU,1569413405,51.11,114.54,57.94,0,64,4.59
190,Shellbrook,CA,1569413406,53.22,-106.39,39.2,75,86,8.05
191,Sinnamary,GF,1569413407,5.38,-52.96,82.05,16,75,9.04
192,Walvis Bay,NA,1569413407,-22.95,14.51,66.2,0,68,9.17
193,Tame,CO,1569413408,6.46,-71.72,56.5,89,90,3.33
194,Airai,TL,1569413408,-8.93,125.41,71.44,47,83,3.42
195,Florence,US,1569413409,34.2,-79.77,66.99,40,88,4.41
196,Mgandu,TZ,1569413409,-5.96,34.11,85.84,0,24,10.4
197,Codrington,AU,1569413410,-28.95,153.24,66.2,75,72,9.17
198,Tiksi,RU,1569413410,71.64,128.87,33.64,0,84,9.17
199,Dwarka,IN,1569413411,28.58,77.04,93.2,75,55,9.17
200,Ochsenfurt,DE,1569413412,49.67,10.07,64.99,90,93,12.75
201,Kaitangata,NZ,1569413412,-46.28,169.85,39.0,90,62,8.99
202,Kahului,US,1569413412,20.89,-156.47,73.0,1,78,4.7
203,Sevlievo,BG,1569413413,43.03,25.1,71.01,75,68,4.7
204,Lata,IN,1569413413,30.78,78.62,45.7,95,97,4.81
205,Turayf,SA,1569413414,31.68,38.65,98.6,0,17,9.17
206,Leningradskiy,RU,1569413414,69.38,178.42,33.64,99,80,8.66
207,Sao Lourenco do Sul,BR,1569413415,-31.37,-51.98,59.0,90,100,4.34
208,Marawi,PH,1569413415,8.0,124.29,81.0,46,82,5.01
209,Robore,BO,1569413416,-18.33,-59.76,77.0,20,88,3.67
210,Myre,SE,1569413416,62.25,17.37,54.0,75,93,3.36
211,Lavrentiya,RU,1569413416,65.58,-170.99,26.97,49,95,3.78
212,Puerto Ayora,EC,1569413417,-0.74,-90.35,66.0,89,98,5.01
213,Hasaki,JP,1569413417,35.73,140.83,68.0,40,88,2.24
214,Lagoa,PT,1569413427,37.14,-8.45,78.8,0,31,9.17
215,Buala,SB,1569413428,-8.15,159.59,80.07,96,84,6.55
216,Mackay,CA,1569413428,53.65,-115.58,42.8,75,81,2.24
217,Kautokeino,NO,1569413428,69.01,23.04,44.44,100,76,7.31
218,Xique-Xique,BR,1569413429,-10.82,-42.73,74.85,3,58,11.39
219,Mar del Plata,AR,1569413238,-46.43,-67.52,57.04,47,57,26.75
220,Dingle,PH,1569413430,11.0,122.67,76.12,91,84,6.51
221,Cooma,AU,1569413458,-36.24,149.13,44.6,90,75,8.05
222,Ugoofaaru,MV,1569413458,5.67,73.0,84.04,100,65,8.46
223,Eyl,SO,1569413459,7.98,49.82,101.14,0,21,19.06
224,Caravelas,BR,1569413459,-17.73,-39.27,73.6,66,68,8.72
225,Grants,US,1569413460,35.15,-107.85,42.8,1,100,9.17
226,Saint Anthony,US,1569413461,43.97,-111.68,51.01,1,66,9.17
227,Ahipara,NZ,1569413461,-35.17,173.16,48.99,64,100,38.07
228,Padang,ID,1569413462,-0.92,100.36,79.17,64,86,11.9
229,Hithadhoo,MV,1569413462,-0.6,73.08,82.24,100,75,12.88
230,Namwala,ZM,1569413462,-15.75,26.45,91.42,19,19,11.18
231,Malanje,AO,1569413463,-9.54,16.35,83.32,96,47,5.66
232,East London,ZA,1569413463,-33.02,27.91,66.2,0,45,19.46
233,Deputatskiy,RU,1569413463,69.3,139.9,18.34,7,90,3.58
234,Fortuna,US,1569413464,40.6,-124.16,59.0,1,93,25.32
235,Cabo San Lucas,MX,1569413446,22.89,-109.91,75.99,3,85,8.37
236,Bartoszyce,PL,1569413464,54.25,20.81,60.27,78,55,9.73
237,Dunedin,NZ,1569413465,-45.87,170.5,39.0,100,67,24.0
238,Vestmannaeyjar,IS,1569413390,63.44,-20.27,50.0,90,100,12.75
239,Nizhniy Tsasuchey,RU,1569413465,50.52,115.13,60.27,0,57,6.6
240,Kawalu,ID,1569413466,-7.38,108.21,67.84,78,91,3.76
241,Yerbogachen,RU,1569413466,61.28,108.01,47.85,34,84,5.86
242,Bambanglipuro,ID,1569413466,-7.95,110.28,76.12,58,89,7.61
243,Ambajogai,IN,1569413466,18.73,76.39,79.0,98,85,4.9
244,Simbahan,PH,1569413467,6.3,120.58,83.5,76,66,2.28
245,Iguguno,TZ,1569413467,-4.57,34.63,89.62,76,20,10.11
246,Cayenne,GF,1569413467,4.94,-52.33,78.8,75,88,1.12
247,Cuamba,MZ,1569413468,-14.8,36.54,89.44,4,20,10.89
248,Ardon,RU,1569413468,43.18,44.31,68.0,95,52,8.95
249,Casablanca,MA,1569413468,33.6,-7.62,82.4,0,48,13.87
250,Broome,GB,1569413469,52.47,1.45,66.99,75,88,10.29
251,Cortez,US,1569413469,37.35,-108.58,41.0,1,69,4.7
252,Fayetteville,US,1569413223,36.06,-94.16,73.4,20,94,12.75
253,Saint-Pierre,FR,1569413470,48.95,4.24,60.8,90,100,17.22
254,Coihaique,CL,1569413470,-45.58,-72.07,51.8,75,81,8.05
255,Turukhansk,RU,1569413470,65.8,87.96,35.8,100,94,13.89
256,Gold Coast,AU,1569413471,-28.0,153.41,70.0,90,72,9.17
257,Mocuba,MZ,1569413476,-16.84,36.99,76.3,32,62,15.48
258,Oistins,BB,1569413476,13.07,-59.53,84.2,40,74,10.29
259,Mastic Beach,US,1569413476,40.77,-72.85,63.0,1,72,5.82
260,Touros,BR,1569413477,-5.2,-35.46,78.8,75,74,11.41
261,Bagan,RU,1569413477,54.1,77.67,47.67,87,40,9.48
262,Yablonovo,RU,1569413477,50.85,37.36,55.4,0,32,6.71
263,Agbor,NG,1569413477,6.26,6.15,85.3,96,66,5.3
264,Sur,OM,1569413478,22.57,59.53,87.27,34,56,12.46
265,Pevek,RU,1569413478,69.7,170.27,34.17,69,82,16.15
266,Nikolayevsk-na-amure,RU,1569413478,53.14,140.72,37.77,92,78,6.49
267,Haines Junction,CA,1569413479,60.75,-137.51,35.97,81,95,4.52
268,Rock Springs,US,1569413479,41.59,-109.2,48.2,1,66,18.34
269,Anadyr,RU,1569413480,64.73,177.51,26.6,0,86,2.24
270,Tuatapere,NZ,1569413480,-46.13,167.69,39.99,83,75,21.99
271,Shyryayeve,UA,1569413480,47.38,30.2,69.45,83,31,11.25
272,Katangli,RU,1569413481,51.71,143.23,43.72,100,82,21.94
273,Moron,HT,1569413523,18.56,-74.26,80.25,84,82,10.6
274,Victoria,BN,1569413317,5.28,115.24,86.0,75,74,5.82
275,Lancaster,US,1569413489,40.04,-76.31,59.0,1,100,2.59
276,Mount Pleasant,US,1569413524,33.16,-94.97,75.2,1,94,6.53
277,Chumikan,RU,1569413524,54.72,135.31,33.1,0,66,8.3
278,Cidreira,BR,1569413524,-30.17,-50.22,62.62,40,85,4.32
279,Mbekenyera,TZ,1569413525,-10.0,38.98,78.27,93,61,2.42
280,Gazli,UZ,1569413525,40.13,63.45,87.27,44,13,10.71
281,Hit,IQ,1569413526,33.64,42.83,101.67,0,10,10.02
282,Corumba,BR,1569413526,-19.0,-57.65,75.2,90,94,3.36
283,Terme,TR,1569413527,41.21,36.97,68.0,75,82,3.36
284,Benguela,AO,1569413527,-12.58,13.4,74.67,66,80,10.18
285,Panguna,PG,1569413527,-6.32,155.48,81.7,77,80,13.78
286,Tilichiki,RU,1569413527,60.47,166.1,36.52,100,85,21.81
287,Kholmogory,RU,1569413528,64.23,41.65,44.6,90,87,11.18
288,Sachin,FR,1569413529,50.49,2.38,62.6,100,87,13.87
289,Port Lincoln,AU,1569413529,-34.72,135.86,56.67,26,73,15.23
290,Wainwright,CA,1569413529,52.84,-110.86,46.24,93,81,12.01
291,Lima,PE,1569413404,-12.06,-77.04,59.0,90,100,5.82
292,Aldan,RU,1569413530,58.61,125.39,37.77,99,97,3.11
293,Mamallapuram,IN,1569413530,12.63,80.17,86.0,75,74,13.87
294,Severo-Kurilsk,RU,1569413530,50.68,156.12,47.5,21,67,32.79
295,Pemba,MZ,1569413531,-12.97,40.52,82.4,20,74,23.04
296,Kodiak,US,1569413531,39.95,-94.76,70.0,1,88,6.93
297,Robertsport,LR,1569413531,6.75,-11.37,84.04,92,72,4.05
298,Torbay,CA,1569413404,47.66,-52.73,48.0,100,98,4.0
299,Conceicao do Araguaia,BR,1569413532,-8.26,-49.26,92.67,6,36,5.19
300,Tiarei,PF,1569413532,-17.53,-149.33,75.2,20,73,3.36
301,Magistralnyy,RU,1569413532,56.17,107.45,51.1,100,74,2.53
302,Sylva,US,1569413533,35.37,-83.23,61.0,90,93,2.06
303,Nome,US,1569413533,30.04,-94.42,75.99,1,94,3.36
304,Port-Gentil,GA,1569413534,-0.72,8.78,80.6,75,83,14.99
305,Sainte-Anne-des-Monts,CA,1569413534,49.13,-66.49,47.14,100,88,26.04
306,Shebekino,RU,1569413534,50.41,36.89,59.0,0,32,6.71
307,Arlit,NE,1569413534,18.74,7.39,100.6,0,7,7.29
308,Diego de Almagro,CL,1569413535,-26.39,-70.05,50.74,0,67,3.24
309,Palafrugell,ES,1569413535,41.92,3.16,77.0,75,53,5.82
310,Ixtapa,MX,1569413535,20.71,-105.21,78.8,75,83,4.7
311,Porto Murtinho,BR,1569413536,-21.7,-57.88,72.15,100,76,7.83
312,Luderitz,NA,1569413536,-26.65,15.16,66.04,0,38,13.85
313,Nyurba,RU,1569413536,63.29,118.35,41.02,9,93,6.49
314,Sergeyevka,KZ,1569413537,53.88,67.42,43.9,18,49,13.15
315,Tulum,MX,1569413537,20.21,-87.46,80.6,75,94,4.7
316,Port Blair,IN,1569413537,11.67,92.75,82.6,94,80,13.15
317,Talaya,RU,1569413538,55.79,84.89,50.0,0,43,11.18
318,Jamkhed,IN,1569413538,18.74,75.31,81.52,93,68,1.74
319,Yamada,JP,1569413538,36.58,137.08,68.0,0,82,6.93
320,Alofi,NU,1569413538,-19.06,-169.92,71.6,65,83,3.36
321,Sitrah,BH,1569413539,26.15,50.62,98.6,0,67,10.29
322,Onverwacht,SR,1569413539,5.59,-55.2,86.0,20,94,2.24
323,Ilulissat,GL,1569413539,69.22,-51.1,37.4,75,86,4.7
324,Ballina,IE,1569413540,54.11,-9.15,63.0,75,93,10.29
325,Arauca,VE,1569413540,7.08,-70.76,73.4,75,100,1.21
326,Barguzin,RU,1569413589,53.62,109.63,51.64,0,72,4.38
327,Jieshi,CN,1569413589,22.82,115.83,82.0,11,64,2.44
328,Coquimbo,CL,1569413589,-29.95,-71.34,59.0,90,87,3.36
329,Juarez,AR,1569413590,-38.95,-67.92,48.2,0,70,3.36
330,Vanimo,PG,1569413590,-2.67,141.3,82.95,48,79,12.5
331,Mizan Teferi,ET,1569413590,6.99,35.58,78.1,33,64,2.95
332,Naryan-Mar,RU,1569413591,67.67,53.09,36.15,100,95,18.39
333,Krasnoshchekovo,RU,1569413591,51.67,82.73,50.55,100,60,3.62
334,Winneba,GH,1569413591,5.35,-0.62,84.2,75,74,10.29
335,Behshahr,IR,1569413592,36.69,53.54,78.8,75,65,6.93
336,Okha,RU,1569413592,53.59,142.95,48.04,100,71,33.91
337,Rosoman,BG,1569413592,42.76,23.08,68.0,75,64,4.7
338,Tairua,NZ,1569413593,-37.02,175.85,48.99,75,77,18.01
339,Kovdor,RU,1569413593,67.56,30.47,37.24,100,87,11.23
340,Itarema,BR,1569413593,-2.92,-39.92,88.35,100,41,12.01
341,Hiranagar,IN,1569413594,32.49,75.28,89.44,9,57,1.77
342,Jacareacanga,BR,1569413594,-6.22,-57.76,77.0,75,88,2.24
343,Gull Lake,CA,1569413594,50.1,-108.48,41.0,90,86,5.82
344,Varhaug,NO,1569413595,58.61,5.65,60.8,0,59,16.11
345,Hambantota,LK,1569413595,6.12,81.12,76.3,100,88,17.85
346,Mount Isa,AU,1569413595,-20.73,139.49,80.6,81,21,9.17
347,Pailon,BO,1569413596,-17.66,-62.72,80.6,90,41,13.87
348,La Rioja,AR,1569413596,-29.41,-66.86,66.22,0,30,3.49
349,Vao,EE,1569413596,59.1,26.19,46.42,100,93,4.43
350,Pangnirtung,CA,1569413597,66.15,-65.72,37.4,75,93,5.82
351,Hovd,NO,1569413597,63.83,10.7,60.01,0,50,8.05
352,Katobu,ID,1569413597,-4.94,122.53,76.47,11,82,5.64
353,Batemans Bay,AU,1569413598,-35.71,150.18,54.0,75,78,0.87
354,Souillac,FR,1569413603,45.6,-0.6,64.4,75,88,12.75
355,Khonsa,IN,1569413603,26.99,95.51,66.22,64,97,1.92
356,Yerofey Pavlovich,RU,1569413604,53.97,121.97,42.1,1,80,1.79
357,Pitlochry,GB,1569413604,56.7,-3.73,62.01,75,100,5.82
358,Skelleftea,SE,1569413604,64.75,20.95,50.0,0,57,12.75
359,San Quintin,PH,1569413605,17.54,120.52,76.47,55,85,2.8
360,Mount Gambier,AU,1569413605,-37.83,140.78,50.0,75,93,3.36
361,Iwaki,JP,1569413605,37.05,140.89,71.01,75,72,13.87
362,Tautira,PF,1569413606,-17.73,-149.15,75.2,20,73,3.36
363,Ocampo,MX,1569413606,27.32,-102.4,68.02,89,80,2.57
364,Sinop,TR,1569413606,42.03,35.15,70.0,75,64,11.41
365,Sorland,NO,1569413607,67.67,12.69,50.0,75,81,1.12
366,Quatre Cocos,MU,1569413607,-20.21,57.76,78.8,40,69,13.87
367,Aklavik,CA,1569413607,68.22,-135.01,35.6,75,80,2.24
368,Shu,KZ,1569413608,43.6,73.76,78.82,21,25,6.15
369,Muzaffarabad,PK,1569413608,34.37,73.47,76.12,9,63,4.0
370,Sistranda,NO,1569413608,63.73,8.83,60.01,0,50,20.8
371,Zapadnaya Dvina,RU,1569413609,56.26,32.09,46.95,100,65,5.53
372,Maunabo,PR,1569413609,18.01,-65.9,79.0,1,100,2.75
373,Northallerton,GB,1569413609,54.34,-1.43,63.0,75,82,5.82
374,Gizo,IL,1569413610,31.8,34.94,86.0,0,51,13.87
375,Qaqortoq,GL,1569413610,60.72,-46.03,37.4,20,52,5.82
376,Lebyazhye,RU,1569413610,59.96,29.42,43.0,90,81,6.71
377,Trelew,AR,1569413610,-43.25,-65.31,61.17,9,50,17.67
378,Fukue,JP,1569413611,35.03,136.69,77.0,40,65,1.12
379,Dunda,IN,1569413654,30.62,78.32,71.62,22,84,3.06
380,Makarska,HR,1569413654,43.3,17.02,78.8,0,60,6.93
381,Elesbao Veloso,BR,1569413655,-6.2,-42.14,87.45,33,39,10.18
382,Husavik,CA,1569413655,50.56,-96.99,48.99,5,90,5.01
383,Nizhniy Kuranakh,RU,1569413655,58.84,125.49,37.77,99,97,3.11
384,West Odessa,US,1569413656,31.84,-102.48,75.2,1,83,12.24
385,Tornio,FI,1569413656,61.12,27.27,51.01,40,45,5.82
386,Maragogi,BR,1569413656,-9.01,-35.22,78.1,30,78,9.71
387,Caranavi,BO,1569413657,-15.83,-67.57,60.45,86,75,0.4
388,Rio Branco do Sul,BR,1569413657,-25.19,-49.31,59.0,75,93,5.82
389,Prainha,BR,1569413658,-1.8,-53.48,83.14,32,67,5.55
390,Vila Franca do Campo,PT,1569413658,37.72,-25.43,73.4,20,69,5.82
391,Sorong,ID,1569413658,-0.86,131.25,74.67,100,94,5.46
392,Selty,RU,1569413658,57.31,52.14,39.94,99,78,7.83
393,Carupano,VE,1569413659,10.67,-63.26,79.35,4,76,3.67
394,Portland,US,1569413573,43.66,-70.25,59.0,1,93,3.29
395,Trofors,NO,1569413659,65.54,13.39,55.4,0,57,3.36
396,San Cristobal,HN,1569413660,14.68,-86.92,66.57,96,95,0.69
397,Lincoln,GB,1569413452,53.23,-0.54,64.4,75,100,2.24
398,Likasi,CD,1569413660,-10.99,26.74,90.52,38,17,8.41
399,Galle,GN,1569413661,10.08,-12.83,80.97,94,74,0.81
400,Awallan,PH,1569413662,17.92,121.91,73.24,73,98,3.13
401,Makakilo City,US,1569413538,21.35,-158.09,80.6,90,100,7.87
402,Kokopo,PG,1569413662,-4.34,152.27,71.44,79,97,2.68
403,Inuvik,CA,1569413663,68.36,-133.71,35.6,75,80,2.24
404,Nelson Bay,AU,1569413663,-32.72,152.14,62.01,40,87,11.27
405,Alyangula,AU,1569413663,-13.85,136.42,77.0,0,73,5.82
406,Yumen,CN,1569413663,40.29,97.04,71.97,0,11,4.74
407,Tabou,CI,1569413664,4.42,-7.36,80.62,45,83,8.05
408,Mmathubudukwane,BW,1569413664,-24.61,26.43,73.4,75,40,12.75
409,Yalta,UA,1569413664,46.96,37.27,61.9,4,26,12.46
410,Sudak,UA,1569413665,44.85,34.97,57.4,100,46,9.84
411,Stege,DK,1569413665,54.99,12.28,64.99,37,93,8.05
412,Erzin,TR,1569413665,36.95,36.2,88.0,75,42,9.17
413,Pisco,PE,1569413666,-13.71,-76.2,71.6,90,30,3.36
414,Puerto Rondon,CO,1569413666,6.28,-71.1,73.05,70,95,2.01
415,Otacilio Costa,BR,1569413666,-27.48,-50.12,59.0,67,99,3.0
416,Sari,IR,1569413667,36.57,53.06,78.8,75,65,6.93
417,Tocopilla,CL,1569413667,-22.09,-70.2,57.04,100,81,5.01
418,Brae,GB,1569413667,60.4,-1.35,55.4,75,87,25.28
419,Buchanan,LR,1569413668,5.88,-10.05,79.0,65,84,8.9
420,Jucas,BR,1569413668,-6.53,-39.53,82.77,14,40,12.19
421,Ankazoabo,MG,1569413668,-22.29,44.51,81.7,26,35,9.53
422,Avera,US,1569413668,33.19,-82.53,70.0,1,94,3.22
423,Kantabanji,IN,1569413669,20.47,82.92,71.62,100,99,2.95
424,Saratov,RU,1569413669,51.53,46.03,51.01,47,30,1.99
425,Rossland,CA,1569413669,49.08,-117.8,50.0,77,93,4.0
426,Margate,AU,1569413670,-43.03,147.26,51.8,40,62,11.41
427,Hamilton,CA,1569413609,43.26,-79.87,64.99,40,93,6.93
428,Peniche,PT,1569413670,39.36,-9.38,73.0,40,56,12.75
429,Menongue,AO,1569413670,-14.66,17.68,95.55,37,6,11.72
430,Huarmey,PE,1569413671,-10.07,-78.15,60.82,100,95,10.85
431,Pietermaritzburg,ZA,1569413719,-29.6,30.38,66.99,10,48,1.99
432,Coruripe,BR,1569413719,-10.12,-36.18,78.64,4,72,8.55
433,La Playona,HN,1569413720,15.12,-88.98,67.12,100,97,2.82
434,Alindao,CF,1569413720,5.04,21.21,80.44,100,85,4.63
435,Fenoarivo Atsinanana,MG,1569413720,-17.38,49.41,73.95,84,69,4.61
436,Abha,SA,1569413720,18.22,42.5,84.2,40,12,13.87
437,Iskateley,RU,1569413721,67.68,53.15,36.15,100,95,18.39
438,Kabo,CF,1569413721,7.69,18.62,84.57,94,72,2.82
439,Turtas,RU,1569413721,58.94,69.13,41.37,37,57,8.7
440,Sainte-Thecle,CA,1569413722,46.82,-72.5,50.0,90,93,3.36
441,Abu Dhabi,AE,1569413713,24.47,54.37,98.6,55,44,12.75
442,Suntar,RU,1569413722,62.16,117.65,42.64,14,91,6.11
443,Ambilobe,MG,1569413722,-13.19,49.05,84.4,75,56,11.03
444,Flin Flon,CA,1569413723,54.77,-101.88,46.4,90,65,6.93
445,Tynda,RU,1569413723,55.15,124.74,35.8,40,88,3.27
446,Sao Filipe,CV,1569413724,14.9,-24.5,78.82,100,86,13.06
447,Yaqui,MX,1569413724,27.37,-110.17,79.72,0,82,11.34
448,Dolneni,MK,1569413725,41.42,21.45,73.4,20,56,1.12
449,Batagay-Alyta,RU,1569413725,67.8,130.41,23.2,100,97,1.54
450,Talnakh,RU,1569413725,69.49,88.39,37.4,75,93,15.66
451,Nushki,PK,1569413725,29.55,66.02,96.45,0,12,11.7
452,Hargeysa,SO,1569413726,9.56,44.06,88.35,12,18,12.53
453,Poum,MK,1569413727,41.28,20.71,69.8,20,52,2.24
454,Grand Gaube,MU,1569413727,-20.01,57.66,78.8,40,69,13.87
455,Mildura,AU,1569413727,-34.18,142.16,53.6,54,50,4.7
456,Cam Ranh,VN,1569413728,11.92,109.15,84.2,20,83,13.87
457,Lae,PG,1569413728,-6.72,146.98,73.6,53,86,0.85
458,San Patricio,PY,1569413728,-26.98,-56.83,66.4,63,64,5.64
459,Chuy,UY,1569413729,-33.69,-53.46,59.02,0,65,4.29
460,La Peca,PE,1569413729,-5.61,-78.44,66.22,100,89,2.26
461,Slavyansk-na-Kubani,RU,1569413729,45.26,38.12,64.0,0,72,15.66
462,Constantine,DZ,1569413730,36.36,6.61,82.4,20,45,6.93
463,Huangzhai,CN,1569413730,23.86,112.01,73.24,11,52,2.28
464,Lingdong,CN,1569413730,28.06,114.24,72.34,100,43,3.0
465,Pala,TD,1569413731,9.37,14.91,91.6,71,52,6.62
466,Janauba,BR,1569413731,-1.63,-45.47,84.4,54,65,7.83
467,Fort Nelson,CA,1569413731,58.81,-122.69,37.4,5,100,2.68
468,Fairbanks,US,1569413732,64.84,-147.72,36.0,90,93,1.39
469,Matara,BI,1569413732,-3.48,29.48,68.92,85,44,8.12
470,Lovozero,RU,1569413732,68.01,35.02,36.52,100,90,10.58
471,Pachperwa,IN,1569413733,27.52,82.65,79.9,6,82,12.57
472,Sayyan,YE,1569413733,15.17,44.32,83.14,91,22,2.44
473,Russell,US,1569413733,38.9,-98.86,63.0,1,93,8.05
474,Aran,AZ,1569413734,40.63,46.98,80.6,20,41,4.7
475,Moerai,PF,1569413734,-22.43,-151.33,69.64,15,84,15.41
476,Tarauaca,BR,1569413632,-8.16,-70.77,72.87,94,93,1.74
477,Stillwater,US,1569413734,36.12,-97.06,69.8,20,88,5.82
478,Khoy,IR,1569413735,38.55,44.95,69.45,0,10,12.15
479,Edson,CA,1569413704,53.59,-116.44,41.0,40,80,2.24
480,Dubova,UA,1569413736,49.2,27.92,66.2,75,52,11.18
481,Basoko,CD,1569413736,1.23,23.61,82.95,100,81,3.36
482,Bereda,ES,1569413736,43.27,-7.54,70.0,75,64,9.17
483,Sola,TZ,1569413785,-3.17,33.8,88.72,91,24,9.17
484,Yar-Sale,RU,1569413785,66.83,70.83,38.67,100,78,16.24
485,Rzhyshchiv,UA,1569413785,49.97,31.05,62.01,90,41,13.42
486,Norden,DE,1569413785,53.59,7.21,63.0,75,93,2.24
487,Ekhabi,RU,1569413786,53.51,142.97,48.04,100,71,33.91
488,Aksu,KZ,1569413786,52.04,76.93,55.4,40,28,11.18
489,Catalao,BR,1569413613,-18.17,-47.95,78.27,35,41,12.37
490,Victoria,BN,1569413787,5.28,115.24,86.0,75,74,5.82
491,Nur,PL,1569413787,52.67,22.32,59.92,100,54,10.0
492,Manzhouli,CN,1569413787,49.6,117.43,57.4,0,59,4.36
493,Concordia,AR,1569413788,-31.4,-58.02,50.0,0,81,3.36
494,Lethem,GY,1569413788,3.38,-59.8,79.9,78,77,8.61
495,Acajutla,SV,1569413789,13.59,-89.83,81.7,99,79,6.98
496,Mayo,CA,1569413789,63.59,-135.9,37.4,75,86,3.36
497,Tres Arroyos,AR,1569413790,-38.38,-60.28,61.35,20,51,4.0
498,Antofagasta,CL,1569413707,-23.65,-70.4,55.4,90,87,3.36
499,Esperance,AU,1569413790,-33.86,121.89,55.4,81,93,5.82
500,Teya,MX,1569413791,21.05,-89.07,79.0,90,100,4.7
501,Klaksvik,FO,1569413791,62.23,-6.59,51.8,90,100,23.04
502,Mbamba,NG,1569413791,9.98,13.1,90.15,92,55,3.02
503,Erenhot,CN,1569413792,43.65,111.97,71.44,0,15,6.31
504,Evensk,RU,1569413792,61.92,159.24,32.74,100,84,19.39
505,Celestun,MX,1569413792,20.87,-90.4,81.7,100,82,9.46
506,Chaiya,IN,1569413792,29.28,74.48,95.92,54,36,10.07
507,Kushiro,JP,1569413794,43.11,144.15,53.6,20,46,8.05
508,Lompoc,US,1569413795,34.64,-120.46,66.99,1,76,4.7
509,Lasa,CY,1569413795,34.92,32.53,82.4,40,61,8.05
510,Pochutla,MX,1569413795,15.74,-96.47,75.2,40,83,3.56
511,Ban Nahin,LA,1569413796,18.24,104.21,76.3,4,58,6.76
512,Naze,NG,1569413796,5.43,7.07,86.74,77,63,6.89
513,San Angelo,US,1569413796,31.46,-100.44,75.2,1,78,9.17
514,Gornyy,RU,1569413797,51.76,48.54,50.74,58,40,6.24
515,Porangatu,BR,1569413797,-13.44,-49.14,88.17,1,28,12.03
516,Quirinopolis,BR,1569413797,-18.45,-50.45,80.44,51,53,8.55
517,Manggar,ID,1569413798,-2.88,108.27,77.37,94,84,5.08
518,Imbituba,BR,1569413798,-28.24,-48.67,64.4,40,93,4.7
519,Teguise,ES,1569413798,29.06,-13.56,82.4,20,61,23.04
520,Thayetmyo,MM,1569413799,19.32,95.18,75.94,87,84,4.52
521,Salmo,CA,1569413800,49.19,-117.28,39.99,50,93,4.0
522,Carhuaz,PE,1569413800,-9.28,-77.65,61.35,95,68,1.97
523,Buraydah,SA,1569413800,26.33,43.97,105.8,0,15,5.82
524,Lugovoy,RU,1569413800,59.72,65.88,40.65,84,61,12.55
525,Jiuquan,CN,1569413801,39.73,98.49,69.64,0,13,6.46
526,Bandarbeyla,SO,1569413801,9.49,50.81,94.12,45,31,22.46
527,Sirjan,IR,1569413802,29.44,55.67,92.85,0,12,10.49
528,Blagoyevo,RU,1569413802,63.37,47.92,36.15,100,94,10.76
529,Vila Velha,BR,1569413802,-3.71,-38.6,82.4,20,61,13.87
530,Podporozhye,RU,1569413803,60.91,34.16,43.17,98,58,5.17
531,Ancud,CL,1569413803,-41.87,-73.83,48.2,90,100,6.93
532,Concepcion de Buenos Aires,MX,1569413803,19.97,-103.27,59.0,75,87,1.52
533,Salinopolis,BR,1569413804,-0.61,-47.36,80.25,16,82,15.05
534,Lingao,CN,1569413804,19.91,109.69,81.15,0,68,12.12
535,Marondera,ZW,1569413804,-18.19,31.55,57.2,90,87,13.87
536,Kaka,TM,1569413805,37.35,59.62,89.25,0,12,6.8
537,Kirakira,SB,1569413855,-10.46,161.92,76.84,100,87,4.38
538,Diffa,NE,1569413855,13.32,12.61,104.74,12,16,11.88
539,Motala,IN,1569413856,20.68,76.21,79.54,93,83,0.38
540,Roald,NO,1569413856,62.58,6.12,57.2,0,71,4.7
541,Marsaxlokk,MT,1569413856,35.84,14.54,84.2,20,51,6.93
542,Adrar,DZ,1569413857,27.87,-0.29,111.2,0,6,6.93
543,Imeni Babushkina,RU,1569413857,59.76,43.13,39.94,93,78,8.46
544,Guerrero Negro,MX,1569413857,27.97,-114.04,67.47,22,87,7.2
545,Algiers,US,1569413857,29.94,-90.04,77.0,75,100,2.48
546,Lorengau,PG,1569413858,-2.02,147.27,79.72,24,84,7.78
547,Gladstone,AU,1569413858,-23.84,151.26,71.6,40,73,8.05
548,Saint-Georges,CA,1569413859,46.12,-70.67,48.0,98,94,4.61
549,The Valley,AI,1569413859,18.22,-63.06,82.99,75,94,18.34
550,Paris,FR,1569413615,48.86,2.35,64.99,90,77,12.75
551,Cherskiy,RU,1569413859,68.75,161.3,25.54,0,82,3.71
552,Mazagao,BR,1569413860,-0.12,-51.29,82.4,20,83,6.93
553,Kenai,US,1569413861,60.55,-151.26,42.8,1,93,3.36
554,Amazar,RU,1569413861,53.86,120.88,43.0,0,76,0.72
555,Moissala,TD,1569413862,8.34,17.77,87.64,54,70,1.9
556,Panama City,US,1569413862,30.16,-85.65,82.4,1,69,8.05
